task,step,sent_signal,measured_signal,noise_feedback,phase_error,lattice_distance_a,x,y,z,vx,vy,vz,speed,curvature,energy_drift
L_smooth,0,0.005771439561489511,0.022933888151299903,0.017162448589810392,1.9491814149494802,0.282842712474619,6.517387507201197e-10,1.0863178581395242e-09,1.7376023736072731e-09,2.999325833269284e-05,0.00020945591955273096,-0.0005969226447780021,0.0006333151045331672,0.9305943613610442,4.067234400894709e-07
L_smooth,5,0.007666933228495212,0.024956342689939258,0.017289409461444045,1.945027322262877,0.2784024056669461,6.498747335220231e-10,1.0863991793450648e-09,1.735501090176787e-09,-0.0007904031155242964,2.940121342021336e-06,-0.0007964482230549188,0.0011220853360379315,0.011765303227056535,1.536517250127082e-07
L_smooth,10,0.009512442085776368,0.026853615325887335,0.017341173240110967,1.9406046595084883,0.27279659209375917,6.477242770718614e-10,1.0864013779398238e-09,1.7333525261570666e-09,-0.0007881114797402436,5.984618616934917e-07,-0.0007865402983117329,0.001113447665372408,0.00308351196254525,1.5934733685977958e-07
L_smooth,15,0.011294866862341338,0.028666807792121024,0.017371940929779686,1.9358952797350146,0.2672649375185366,6.456049438359433e-10,1.0864035548825417e-09,1.7312368733012479e-09,-0.0007753080385619214,9.591192495936055e-07,-0.0007741508423777837,0.0010956336072440918,0.003244872460687879,1.709547974278928e-07
L_smooth,20,0.013000654379859514,0.03038090994760395,0.01738025556774444,1.930889140227236,0.26182226586710994,6.43520455578743e-10,1.0864068690882634e-09,1.7291546148979596e-09,-0.000762518887320111,1.4012103179952538e-06,-0.0007619286549354671,0.0010779481861954337,0.003254941972911714,1.8229325682981756e-07
L_smooth,25,0.01461653545391019,0.031980163386319926,0.017363627932409736,1.9255768639066269,0.2564675562969653,6.414704624972779e-10,1.0864114630102739e-09,1.7271052322060354e-09,-0.0007498727682487637,1.8919815736914385e-06,-0.0007498979031813587,0.0010604996998354774,0.003265228666865229,1.9329899273370506e-07
L_smooth,30,0.01612963076682819,0.033449404560867785,0.017319773794039595,1.9199496776407443,0.25119964979449555,6.394545872821141e-10,1.0864174708624813e-09,1.7250882198764591e-09,-0.000737362319821882,2.432829695297108e-06,-0.0007380496869099356,0.0010432767847993588,0.0032774864423819427,2.039863151996471e-07
L_smooth,35,0.017527554301860645,0.03477420287801977,0.017246648576159127,1.913999447660385,0.24601744523688154,6.374724733323313e-10,1.0864250310085587e-09,1.7231030952474234e-09,-0.0007249805943124562,3.025148360734813e-06,-0.0007263762315013994,0.001026269186589182,0.003291324909774501,2.1436830799913702e-07
L_smooth,40,0.01879851890222416,0.0359409830632947,0.01714246416107054,1.9077187108946867,0.24091988830385894,6.355237790686442e-10,1.0864342847039106e-09,1.721149394118412e-09,-0.000712723026945863,3.669767645818485e-06,-0.0007148713958518213,0.001009469510654274,0.0033062651133838215,2.2445585553794344e-07
L_smooth,45,0.019931443226798264,0.03693714667502014,0.017005703448221877,1.901100700375758,0.23590595714850127,6.336081712926301e-10,1.0864453743945707e-09,1.7192266662784132e-09,-0.0007005875217227725,4.366852224647645e-06,-0.0007035306860855501,0.0009928732906348187,0.0033217768535413043,2.3425775564924879e-07
L_smooth,50,0.02091605916313379,0.03775119192805758,0.01683513276492379,1.8941393643663773,0.23097464793361575,6.317253184605116e-10,1.0864584417570252e-09,1.7173344710807416e-09,-0.0006885744573626024,5.115807784716978e-06,-0.0006923512202913842,0.0009764789639620822,0.003337289805806488,2.437808842055524e-07
L_smooth,55,0.02174301862232681,0.038372830658576336,0.016629812036249525,1.8868293789858401,0.2261249606229348,6.298748840360806e-10,1.086473625491667e-09,1.7154723731858715e-09,-0.0006766866344460333,5.915192644426759e-06,-0.000681331648812713,0.0009602877727097071,0.0033522065361488453,2.5303039531411395e-07
L_smooth,60,0.02240399851510439,0.03879310115231198,0.016389102637207588,1.879166154223011,0.22135588539441703,6.280565200866657e-10,1.0864910588898862e-09,1.7136399385936815e-09,-0.0006649291611941489,6.762638270483969e-06,-0.0006704720298012523,0.0009443035875334495,0.003365917744662097,2.620099535225915e-07
L_smooth,65,0.022891802598083693,0.039004475467852,0.016112672869768304,1.8711458333493183,0.21666639004908508,6.262698612913241e-10,1.0865108672056019e-09,1.7118367310851736e-09,-0.0006533092765462198,7.65478280644737e-06,-0.0006597736611091736,0.0009285326544686307,0.0033778195829205805,2.707219933350665e-07
L_smooth,70,0.02320045878826773,0.0390009598152227,0.015800501026954968,1.862765285874469,0.2120554087842039,6.245145195312014e-10,1.086533164873558e-09,1.710062309188294e-09,-0.0006418361109832235,8.587221915601581e-06,-0.0006492388711438925,0.0009129832668491206,0.003387332787794242,2.7916800011757275e-07
L_smooth,75,0.02332531047670353,0.03877818650243886,0.015452876025735331,1.8540220943197903,0.20752183268293414,6.227900792276603e-10,1.08655805262847e-09,1.7083162237727775e-09,-0.0006305203874805818,9.554481273247328e-06,-0.0006388707728964636,0.0008976653672735673,0.003393923269928711,2.8734880542692234e-07
L_smooth,80,0.023263100332499297,0.03833349594217564,0.015070395609676341,1.844914535213606,0.20306450224345957,6.210960935840398e-10,1.0865856145906933e-09,1.7065980163649585e-09,-0.0006193740669821494,1.0550014897081831e-05,-0.0006286729869066191,0.0008825900872604603,0.0033971236853075947,2.9526488900082947e-07
L_smooth,85,0.02301204507889825,0.03766600721998993,0.01465396214109168,1.835441554834993,0.19868220222916352,6.194320818717157e-10,1.086615915394944e-09,1.704907218255452e-09,-0.0006084099447849978,1.1566233168280049e-05,-0.0006186493403713637,0.0008677692348803977,0.0033965554067528643,3.0291667915782933e-07
L_smooth,90,0.022571899745680232,0.03677667576626147,0.01420477602058124,1.8256027403418174,0.19437365906849427,6.177975278806536e-10,1.0866489974482537e-09,1.7032433504509398e-09,-0.0005976412061238611,1.2594563868644063e-05,-0.0006088035508679384,0.0008532147431014278,0.003391950202877662,3.103048432088701e-07
L_smooth,95,0.021944009957569635,0.035668336746893105,0.01372432678932347,1.8153982870116052,0.19013754096998922,6.161918796292962e-10,1.0866848784112454e-09,1.7016059244965678e-09,-0.0005870809509604765,1.3625548848786815e-05,-0.0005991389041806467,0.0008389380937023149,0.0033831708293348283,3.174305596912411e-07
L_smooth,100,0.021131350906216945,0.034345732892370806,0.01321438198615386,1.8048289623956881,0.18597246084634209,6.146145503990159e-10,1.0867235490025276e-09,1.6999944441684547e-09,-0.0005767416994396426,1.4648978066295823e-05,-0.0005896579364408547,0.0008249497332799137,0.0033702296458359795,3.242957647863808e-07
L_smooth,105,0.020138551772259126,0.032815525619545496,0.01267697384728637,1.7938960682351182,0.1818769820636104,6.130649211253201e-10,1.0867649712290958e-09,1.6984084080073871e-09,-0.0005666348906074737,1.5654061716694922e-05,-0.0005803621311716278,0.0008112584990001938,0.003353304297199099,3.309033661380503e-07
L_smooth,110,0.018971904511540127,0.0310862884630077,0.01211438395146757,1.78260140100901,0.1778496269501402,6.1154234414246e-10,1.086809077145785e-09,1.6968473126358977e-09,-0.0005567703877521896,1.662964005496873e-05,-0.0005712516418512681,0.000797871072244038,0.003332749443166761,3.3725741838751804e-07
L_smooth,115,0.01763935609255762,0.029168482019930716,0.011529125927373096,1.7709472119812504,0.17388888791724247,6.100461482411268e-10,1.0868557682437736e-09,1.6953106567725768e-09,-0.0005471560040978842,1.7564429306469053e-05,-0.0005623250502698159,0.0007847914781380954,0.003309103496897842,3.4336325601392467e-07
L_smooth,120,0.01615048346675004,0.027074409819889497,0.010923926353139456,1.7589361675800892,0.16999324096266274,6.085756449615932e-10,1.08690491556179e-09,1.6937979458306222e-09,-0.0005377970625509744,1.84473008289105e-05,-0.0005535791702621269,0.000772020648133477,0.0032830893460693935,3.492275804300632e-07
L_smooth,125,0.014516450765117596,0.024818154755177055,0.010301703990059459,1.746571310888224,0.16616116125103333,6.071301360080635e-10,1.0869563606039379e-09,1.6923086969631897e-09,-0.0005286960027798585,1.92675894465794e-05,-0.0005450089053878919,0.0007595560613349025,0.00325560809912873,3.5485849965642766e-07
L_smooth,130,0.012749948439500966,0.022415495943137805,0.009665547503636839,1.7338560249408435,0.16239114039503957,6.057089216351221e-10,1.0870099171349921e-09,1.6908424443968898e-09,-0.0005198520481280295,2.0015425665689346e-05,-0.0005366071678307744,0.0007473914782594532,0.0032277250458781284,3.602655202087368e-07
L_smooth,135,0.010865114300312399,0.019883806135686508,0.009018691835374109,1.7207939984288365,0.1586817049989674,6.043113098249642e-10,1.0870653739077554e-09,1.6893987448774938e-09,-0.000511260943757034,2.0682085323744187e-05,-0.0005283648642506274,0.0007355167782173671,0.00320064727843551,3.6545949203084995e-07
L_smooth,140,0.008877436640578728,0.017241930038407974,0.008364493397829246,1.707389194287791,0.15503143597423677,6.02936626045342e-10,1.087122498357785e-09,1.6879771830391191e-09,-0.0005029147760310672,2.1260349150345957e-05,-0.0005202709525914675,0.0007239179086794346,0.0031756928233104232,3.7045250835090296e-07
L_smooth,145,0.006803639875176462,0.014510044148766332,0.00770640427358987,1.6936458215248273,0.15143898809576042,6.015842233535692e-10,1.087181041278759e-09,1.6865773765003313e-09,-0.0004948018815321639,2.174486374327028e-05,-0.0005123125719699024,0.000712576951960558,0.0031542517200037067,3.752577632205198e-07
L_smooth,150,0.004661553360968103,0.011709498966809737,0.007047945605841634,1.6795683104994086,0.14790310923942684,6.002534925920787e-10,1.0872407424672689e-09,1.685198980488041e-09,-0.0004869068522721312,2.2132494612242003e-05,-0.0005044752457864852,0.0007014723114411933,0.0031377402526807548,3.7988937022350016e-07
L_smooth,155,0.0024699642955655085,0.008862644669683322,0.0063926803741178135,1.6651612917358558,0.14442265872540527,5.989438724064074e-10,1.0873013372992455e-09,1.6838416917930138e-09,-0.0004792106416753322,2.242266123482185e-05,-0.0004967431561538316,0.0006905790164908033,0.003127550451398427,3.8436214643805276e-07
L_smooth,160,0.000248455817512408,0.005992641571091209,0.005744185753578801,1.6504295782092062,0.14099662418979766,5.976548588075169e-10,1.0873625641720106e-09,1.6825052518693731e-09,-0.0004716907737673814,2.2617643528660723e-05,-0.0004890994856536961,0.0006798691423522402,0.0031249979006237457,3.8869136624485213e-07
L_smooth,165,-0.0019827683529395246,0.003123256906823794,0.005106025259763319,1.6353781509169858,0.1376241364188146,5.963860139974196e-10,1.0874241727165616e-09,1.6811894489047106e-09,-0.00046432165573341924,2.272284880149171e-05,-0.0004815268203511887,0.0006693123385671337,0.003131271613375984,3.928924900372536e-07
L_smooth,170,-0.004203071187053833,0.000278649696114127,0.0044817208831679604,1.620012147431864,0.13430448160544808,5.951369741805106e-10,1.0874859326547599e-09,1.6798941187072542e-09,-0.0004570749916156433,2.2747028130432768e-05,-0.00047400760593883484,0.0006588764571124642,0.0031473899899245707,3.9698087335342316e-07
L_smooth,175,-0.006391579794695483,-0.0025168543754408128,0.00387472541925467,1.6043368530280757,0.13103711052888636,5.939074560931218e-10,1.0875476431462982e-09,1.6786191442818893e-09,-0.00044992029241306146,2.2702431287188736e-05,-0.0004665246468909887,0.0006485282692899099,0.003174166460640655,4.009714624468184e-07
L_smooth,180,-0.008527391123332114,-0.005238995923756749,0.0032883951995753653,1.5883576938915425,0.1278216442119421,5.926972620009051e-10,1.0876091424414809e-09,1.6773644539974002e-09,-0.0004428254752424526,2.2604889811573117e-05,-0.00045906163662248224,0.0006382342585490137,0.0032121872436507793,4.0487848285893573e-07
L_smooth,185,-0.010589783819739823,-0.007863820391070558,0.0027259634286692647,1.5720802318628078,0.12465787568174166,5.915062829379264e-10,1.0876703176289281e-09,1.6761300182827662e-09,-0.00043575754154588506,2.2473818689975533e-05,-0.0004516037049171316,0.0006279614748020004,0.0032618018909170146,4.087151281522959e-07
L_smooth,190,-0.012558434014480223,-0.010367919685207618,0.002190514329272605,1.5555101601255428,0.1215457675439611,5.903344999929493e-10,1.087731114243363e-09,1.674915844830145e-09,-0.00042868332163258435,2.23321283611123e-05,-0.00044413796738738807,0.0006176784343637744,0.0033231253330137365,4.124932565732697e-07
L_smooth,195,-0.01441363265746384,-0.01272867436224629,0.0016849582952175486,1.538653299243015,0.11848544518068622,5.89181983487244e-10,1.087791545478856e-09,1.6737219723255953e-09,-0.00042157027018966314,2.2206040481886103e-05,-0.0004366540605234277,0.0006073560483878184,0.0033960484472050083,4.162231039897785e-07
L_smooth,200,-0.01613650192304194,-0.014924493675819953,0.0012120082472219865,1.5215155929611477,0.11547718549589986,5.880488899341265e-10,1.0878517007384976e-09,1.6725484627746549e-09,-0.000414387294880527,2.212480305692178e-05,-0.00042914464507609433,0.0005969685615392115,0.003480253172455777,4.1991302191236746e-07
L_smooth,205,-0.017709208118411205,-0.01693505073681554,0.0007741573815956658,1.5041031032392516,0.1125214012592776,5.8693545672274e-10,1.0879117532437184e-09,1.671395392537409e-09,-0.0004071055978889204,2.21203031569021e-05,-0.0004216058601852978,0.0005864944816337435,0.0035752280622251124,4.2356924966746736e-07
L_smooth,210,-0.01911516847332975,-0.01874150997762924,0.00037365849570050735,1.4864220040367273,0.10961862123632143,5.858419945264346e-10,1.0879719664264995e-09,1.6702628422351889e-09,-0.00039969950839750844,2.222657848243871e-05,-0.0004140377109031328,0.0005759174800734495,0.0036802808181745166,4.271957297513962e-07
L_smooth,215,-0.020339249166004825,-0.020326744099248763,1.2505066756061944e-05,1.468478573473368,0.10676946643777287,5.847688774981723e-10,1.088032698836562e-09,1.6691508857368617e-09,-0.00039214728266076217,2.247923239452596e-05,-0.0004064443726455583,0.0005652272421270124,0.003794545506007088,4.307939749609399e-07
L_smooth,220,-0.02136795195318264,-0.02167553770099399,-0.00030758574781135015,1.4502791840887395,0.10397462296963134,5.837165313799715e-10,1.0880944073139689e-09,1.668059578474963e-09,-0.00038443184769016266,2.2914760614926692e-05,-0.0003988343976912912,0.0005544202454404843,0.003916983473442892,4.343629949977553e-07
L_smooth,225,-0.02218958682518119,-0.02277477485512319,-0.0005851880299419972,1.4318302910476386,0.10123481211181229,5.826854197184343e-10,1.0881576482058039e-09,1.6669889453787323e-09,-0.00037654146474775134,2.3569801449421897e-05,-0.00039122081115073345,0.000543500444610844,0.004046378180641789,4.3789928883708887e-07
L_smooth,230,-0.02279442820136994,-0.0236136079943788,-0.0008191797930088597,1.4131384182683777,0.0985507583924029,5.816760284414536e-10,1.0882230764435819e-09,1.665938968740528e-09,-0.0003684702899431034,2.4480324923936955e-05,-0.0003836210868271627,0.0005324798391841607,0.004181325049343189,4.413969072361116e-07
L_smooth,235,-0.023174852319889333,-0.024183605631571167,-0.0010087533116818342,1.394210142582343,0.0959231565488153,5.806888491096862e-10,1.0882914423451918e-09,1.6649095763523244e-09,-0.0003602188113040817,2.5680779449981353e-05,-0.0003760569970140339,0.0005213789020028498,0.004320218003797916,4.44847587382094e-07
L_smooth,240,-0.02332545365741666,-0.02447887662688606,-0.0011534229694694018,1.3750520761604659,0.09335263836965046,5.797243612076403e-10,1.0883635860602703e-09,1.6639006302585474e-09,-0.00035179414473978466,2.7203217349574513e-05,-0.0003685543343918379,0.0005102268443607955,0.004461234678418117,4.482409589450873e-07
L_smooth,245,-0.023243138439251246,-0.024496168959676726,-0.0012530305204254792,1.3556708475585002,0.09083974048463712,5.78783013880713e-10,1.0884404296392832e-09,1.6629119164693045e-09,-0.00034321017526492214,2.907642258165593e-05,-0.00036114250863457836,0.0004990616938800274,0.0046023224198320995,4.515648178494022e-07
L_smooth,250,-0.022927193564103138,-0.024234941244420334,-0.0013077476803171964,1.336073081832327,0.08838487420796183,5.778652075539915e-10,1.088522966772054e-09,1.6619431359635293e-09,-0.0003344875345702129,3.132506516335931e-05,-0.00035385402490013725,0.00048793016040041536,0.0047411873389406325,4.5480546109446506e-07
L_smooth,255,-0.0223793295674061,-0.02369740555105944,-0.0013180759836533378,1.3162653802517688,0.0859882985372849,5.769712758843414e-10,1.0886122503084982e-09,1.6609938972847921e-09,-0.0003256534113027261,3.396890695787721e-05,-0.0003467238558275369,0.0004768872645950298,0.004875288869949518,4.5794807313955005e-07
L_smooth,260,-0.021603696576068917,-0.022888540442451758,-0.0012848438663828413,1.2962543001926272,0.08365009736298662,5.761014684980986e-10,1.0887093777401562e-09,1.6600637109941815e-09,-0.00031674119601243084,3.702208265234948e-05,-0.00033978872275806796,0.0004659957038094469,0.00500184261769661,4.60977151919323e-07
L_smooth,265,-0.02060687255956602,-0.021816073519239237,-0.0012092009596732164,1.2760463358093497,0.08137016184832464,5.752559349521889e-10,1.088815474883007e-09,1.6591519861961187e-09,-0.0003077899683445663,4.04924778857588e-05,-0.0003330863054105665,0.00045532493038591567,0.005117834703690006,4.6387696065782906e-07
L_smooth,270,-0.019397823549646875,-0.020490433157370425,-0.00109260960772355,1.2556479000839436,0.07914817880233428,5.744347103270856e-10,1.0889316780572815e-09,1.6582580292960903e-09,-0.0002988438394207804,4.438122368609022e-05,-0.0003266544019800822,0.0004449499204501481,0.0052200512568245025,4.666319904370429e-07
L_smooth,275,-0.01798783587586609,-0.0189246695275236,-0.0009368336516575107,1.2350653088112677,0.07698362568750848,5.736377028168623e-10,1.0890591151063246e-09,1.6573810450864556e-09,-0.0002899511671793658,4.868232277507785e-05,-0.00032053006344849914,0.00043494961716703727,0.005305126948811967,4.692274180368771e-07
L_smooth,280,-0.016390420838831663,-0.017134345390473447,-0.0007439245516417843,1.2143047670188802,0.07487577269033369,5.728646836265485e-10,1.0891988856320444e-09,1.6565201401903386e-09,-0.0002811636664979156,5.338241908261197e-05,-0.00031474872670943254,0.00042540504344785546,0.005369616275302854,4.716495439178569e-07
L_smooth,285,-0.014621192610227806,-0.015137397560055058,-0.0005162049498272526,1.1933723582349027,0.07282369204387301,5.721152794224634e-10,1.0893520408478224e-09,1.6556743288269253e-09,-0.00027253543901704924,5.8460717197001006e-05,-0.00030934337089629735,0.00041639709664320146,0.005410090307057943,4.7388619632297894e-07
L_smooth,290,-0.012697720501776295,-0.012953970308549332,-0.0002562498067730373,1.1722740369145863,0.07082627453900486,5.713889675100071e-10,1.0895195634602397e-09,1.6548425407970204e-09,-0.00026412194960556077,6.388905369003207e-05,-0.00030434372010325843,0.00040800406298361865,0.005423259577463683,4.7592708923195587e-07
L_smooth,295,-0.010639357078864728,-0.010606222351787787,3.3134727076940956e-05,1.1510156242208598,0.06888225290690318,5.706850738385134e-10,1.0897023479884884e-09,1.6540236315279534e-09,-0.0002559789773105747,6.963211751904502e-05,-0.00029977551360043476,0.0004002989222687943,0.005406120475253078,4.777641241656805e-07
L_smooth,300,-0.00846704390426953,-0.008118109388001227,0.0003489345162683028,1.1296028072319082,0.06699023151242768,5.700027738572417e-10,1.0899011819153564e-09,1.6532163939641167e-09,-0.000248161568444663,7.564781222263635e-05,-0.000295659861807334,0.0003933465513143826,0.005356118123394253,4.793916284410113e-07
L_smooth,305,-0.006203096980083414,-0.005515144471639682,0.0006879525084437319,1.1080411415254892,0.06514872157788835,5.693410961732472e-10,1.0901167280371609e-09,1.652419572045269e-09,-0.00024072301825765584,8.188774855896405e-05,-0.00029201270287054434,0.00038720097303712015,0.0052713138536068125,4.808065252374345e-07
L_smooth,310,-0.003870974209572838,-0.0028241387785511,0.0010468354310217381,1.0863360569706533,0.06335618096906977,5.686989288932851e-10,1.0903495083433156e-09,1.6516318754805853e-09,-0.00023371390555170307,8.829785271327365e-05,-0.0002888443708751251,0.00038190282930118777,0.005150541144366999,4.820084335883356e-07
L_smooth,315,-0.0014950274241167909,-7.292556061185636e-05,0.0014221018635049345,1.0644928664475541,0.06161105742758657,5.680750284701996e-10,1.0905998897109739e-09,1.6508519955030278e-09,-0.00022718120178012008,9.481907231067542e-05,-0.0002861592826850025,0.0003774772708162862,0.004993531751404035,4.829996990042906e-07
L_smooth,320,0.0008997582868133313,0.0027099297043941,0.0018101714175807688,1.0425167771190447,0.05991183402957177,5.674680308211653e-10,1.0908680716481996e-09,1.650078621276267e-09,-0.00022116747279349067,0.0001013881602605476,-0.0002839557463250386,0.00037393244835650145,0.00480099517190259,4.837853577599498e-07
L_smooth,325,0.0032880350424655098,0.0054954297881218556,0.002207394745656346,1.0204129037968057,0.05825707559069828,5.66876464441885e-10,1.091154076262265e-09,1.6493104566250048e-09,-0.0002157101876286367,0.00010793851494898395,-0.0002822258898363568,0.0003712587520181808,0.004574640444263686,4.843730398520662e-07
L_smooth,330,0.005644369402444223,0.008254453492682537,0.0026100840902383146,0.9981862838818856,0.05664547471844739,5.662987652082546e-10,1.0914577405698664e-09,1.6485462367686275e-09,-0.0002108411447351936,0.00011440105448210422,-0.0002809557057838046,0.0003694288811020871,0.004317139525214267,4.847728172215077e-07
L_smooth,335,0.007943523229673427,0.010958067311181194,0.0030145440815077668,0.9758418933158479,0.055075896227873594,5.657332925354294e-10,1.09177871120513e-09,1.6477847447568552e-09,-0.00020658602194020934,0.00012070510254920046,-0.0002801252031740283,0.00036839874551331507,0.004032045098090375,4.849970050145874e-07
L_smooth,340,0.010160734980018302,0.013577837468422251,0.003417102488403949,0.9533846629544662,0.0535474186778756,5.651783465537728e-10,1.0921164415210836e-09,1.64702482733344e-09,-0.00020296405238373077,0.00012677926399750155,-0.00027970865553778577,0.0003681091146963488,0.0037236914290356814,4.850599244494717e-07
L_smooth,345,0.012271998173551348,0.016086138802867054,0.003814140629315706,0.9308194947705721,0.05205937184036697,5.646321859615541e-10,1.0924701910225252e-09,1.6462654099887164e-09,-0.00019998782471896396,0.00013255226936493525,-0.00027967493140728365,0.00036848785788311424,0.003397124860027448,4.849776362771358e-07
L_smooth,350,0.014254333793789938,0.018456456945576086,0.004202123151786148,0.9081512773050084,0.050611368973228335,5.640930462250228e-10,1.0928390270146013e-09,1.6455055110025651e-09,-0.000197663202145356,0.00013795376937937424,-0.0002799878914316595,0.0003694525724862126,0.003058134282439595,4.847676539155807e-07
L_smooth,355,0.016086053385506928,0.0206636802815618,0.0045776268960548705,0.8853848998130522,0.04920333281857834,5.635591578169081e-10,1.0932218283035388e-09,1.6447442543245562e-09,-0.00019598935140656396,0.0001429150627776084,-0.00028060683496542615,0.00037091338188694037,0.002713491630997325,4.844486451236105e-07
L_smooth,360,0.017747009680462302,0.02268437824476838,0.004937368564306079,0.8625252645960888,0.047835514281557814,5.630287642135695e-10,1.093617290745369e-09,1.6439808811860878e-09,-0.00019495886980547622,0.00014736974369729348,-0.00028148697817188904,0.0003727756981799862,0.002371588071360591,4.840401305961806e-07
L_smooth,365,0.01921883167529213,0.02449706260099472,0.005278230925702589,0.839577297062406,0.04650850275577119,5.625001394079086e-10,1.0940239344066284e-09,1.6432147603884765e-09,-0.0001945579956290148,0.0001512542583168591,-0.0002825799455360406,0.0003749427822232541,0.0020437866374907756,4.835621871321303e-07
L_smooth,370,0.020485141218428694,0.02608242851479607,0.005597287296367378,0.8165459531244004,0.04522322704901164,5.619716047384704e-10,1.0944401120792286e-09,1.6424453972594284e-09,-0.00019476688519728589,0.00015450836431919426,-0.00028383425720159954,0.00037731798231098045,0.001746951745824846,4.830351620682413e-07
L_smooth,375,0.021531748334636797,0.027423572378095513,0.005891824043458716,0.7934362236097234,0.04398094583312531,5.614415448835403e-10,1.0948640188812206e-09,1.6416724413162543e-09,-0.00019555993811337324,0.00015707549108120831,-0.0002851957957491669,0.0003798065839428138,0.0015071720008958602,4.824794045105272e-07
L_smooth,380,0.022346822727339913,0.02850618360120533,0.006159360873865417,0.7702531354386091,0.0427832265097207,5.609084229209099e-10,1.0952937026770334e-09,1.6408956927157587e-09,-0.00019690615124608166,0.00015890300317852554,-0.0002866082379224931,0.0003823172489735922,0.0013612996231561543,4.819150175458579e-07
L_smooth,385,0.022921039150440855,0.029318707832337802,0.006397668681896947,0.7470017493965573,0.04163191137429103,5.60370794407639e-10,1.095727075065855e-09,1.6401151076060405e-09,-0.00019876948157745614,0.00015994237476926612,-0.0002880134393844618,0.0003847630586730879,0.0013453328635348344,4.813616341110658e-07
L_smooth,390,0.023247694631947865,0.029852479380301555,0.0066047847483536905,0.7236871544086321,0.040529070012053914,5.598273204877928e-10,1.096161922715782e-09,1.6393308025226496e-09,-0.00020110919833282663,0.00016014928760462764,-0.000289351763833773,0.0003870622006965514,0.0014677194986277107,4.808382175678129e-07
L_smooth,395,0.023322795859447316,0.030101820967263652,0.006779025107816337,0.7003144582970844,0.03947693701727107,5.592767800878129e-10,1.0965959188645998e-09,1.638543057988868e-09,-0.00020388020582051044,0.00015948367072889208,-0.0002905623517244634,0.00038913835559377353,0.0017027955719626953,4.803628863261707e-07
L_smooth,400,0.023145115399190924,0.030064109333780255,0.006918993934589331,0.6768887750763914,0.03847783444992157,5.58718081306914e-10,1.0970266348658732e-09,1.6377523214855019e-09,-0.00020703332017588832,0.00015790970530321863,-0.0002915833283923921,0.00039092084632107665,0.0020156525284673217,4.799527601380322e-07
L_smooth,405,0.022716215811951563,0.02973980565518963,0.007023589843238066,0.6534152089079441,0.0375340789866213,5.581502721515284e-10,1.097451551731392e-09,1.6369592099477587e-09,-0.00021051548576849228,0.00015539582334767987,-0.0002923519566028064,0.00039234461662132793,0.002380491946572332,4.796238240186112e-07
L_smooth,410,0.02204044114433652,0.029132450203658497,0.007092009059321978,0.629898834899941,0.03664787453375483,5.575725507961268e-10,1.0978680717078452e-09,1.6361645119237509e-09,-0.00021426992044143656,0.00015191473447755206,-0.0002928047444018494,0.00039335010321798195,0.002782285126393513,4.793908042438175e-07
L_smooth,415,0.021124875707351685,0.028248621198029115,0.00712374549067743,0.6063446769963416,0.03582119217102752,5.569842755753101e-10,1.0982735300265208e-09,1.635369189489091e-09,-0.0002182361830838471,0.00014744351983499257,-0.0002928775257088696,0.0003938830641366646,0.003213266831050106,4.792670496283136e-07
L_smooth,420,0.01997927049719698,0.02709785831530378,0.0071185878181068,0.5827576832525394,0.03505564065911225,5.563849749212191e-10,1.098665207079274e-09,1.634574379952995e-09,-0.00022235016239767087,0.0001419638372741499,-0.00029250553836401215,0.0003938944221304644,0.003669954908357187,4.792644104553701e-07
L_smooth,425,0.01861593805836599,0.025692551880480502,0.007076613822114511,0.559142698845803,0.03435233228953908,5.557743574530158e-10,1.099040341400939e-09,1.6337813973112684e-09,-0.00022654399226348134,0.00013546228626285355,-0.0002916235323841284,0.000393340178561042,0.004151341012835592,4.793931071802311e-07
L_smooth,430,0.017049617027509182,0.024047799288865714,0.006998182261356532,0.5355044372175151,0.03371175042106716,5.551523223979232e-10,1.0993961439761233e-09,1.632991733298426e-09,-0.00023074590703746502,0.0001279309846083045,-0.00029016594998741756,0.00039218144903793343,0.004657844088600075,4.796615815782312e-07
L_smooth,435,0.015297308019426284,0.022181230726936816,0.006883922707510532,0.511847449794502,0.03313362641363336,5.545189704719231e-10,1.0997298145340283e-09,1.6322070577629806e-09,-0.00023488005966716666,0.000119368411491427,-0.0002880672284557908,0.0003903846669650835,0.005190668254611401,4.800763246151083e-07
L_smooth,440,0.013378082915328169,0.020112806722763967,0.0067347238074357985,0.48817609479167157,0.03261683458461479,5.538746152678472e-10,1.1000385606439817e-09,1.6314292179350396e-09,-0.00023886633695836823,0.00010978057161297117,-0.0002852622868980723,0.000387921993655809,0.005751354191143843,4.806416782756624e-07
L_smooth,445,0.011312869979873281,0.01786459045471164,0.006551720474838358,0.4644945056615546,0.032159314037901426,5.532197950837474e-10,1.1003196205692898e-09,1.6306602359731453e-09,-0.00024262021988948052,9.91825323347537e-05,-0.00028168726799315705,0.00038477196203596105,0.006341406214723366,4.813596132096832e-07
L_smooth,450,0.009124217559776823,0.015460498062196664,0.0063362805024198415,0.4408065598316666,0.0317580256030985,5.525552849691186e-10,1.1005702909664275e-09,1.6299023039690014e-09,-0.000246052752664374,8.760037786881556e-05,-0.0002772806149812888,0.0003809203627280597,0.006961925846468424,4.822294906176399e-07
L_smooth,455,0.006836039396138661,0.012926030427021153,0.006089991030882491,0.4171158484603139,0.03140895065873766,5.518821085648696e-10,1.1007879606136316e-09,1.6291577753587374e-09,-0.00024907070207620376,7.507360956949018e-05,-0.0002719845711308789,0.0003763613535151735,0.007613207439229292,4.83247825449926e-07
L_smooth,460,0.004473344809118494,0.010287990029708049,0.005814645220589555,0.3934256480457634,0.03110713645217485,5.512015490600777e-10,1.100970151393583e-09,1.6284291514470409e-09,-0.00025157700812488125,6.16579963367407e-05,-0.00026574719148227696,0.000371098732563244,0.008294265481092623,4.844080785965643e-07
L_smooth,465,0.002061957182376556,0.007574186541883261,0.005512229359506704,0.3697388948392599,0.030846789961421123,5.505151582824612e-10,1.1011145677062935e-09,1.6277190615126319e-09,-0.00025347164636184416,4.7428840602403305e-05,-0.0002585249517494461,0.0003651472594821511,0.009002274405408637,4.857005176576296e-07
L_smooth,470,-0.0003717757178033651,0.004813134807117668,0.005184910524921033,0.34605816313112037,0.030621419726876726,5.498247625833457e-10,1.1012191553078362e-09,1.6270302347570544e-09,-0.00025465303972248374,3.248456960004408e-05,-0.00025028602262497455,0.00035853383525607493,0.009731915668254813,4.871121976750341e-07
L_smooth,475,-0.0028012760097299505,0.002033748802452451,0.0048350248121824015,0.32238564858709706,0.030424022732301367,5.491324637837465e-10,1.1012821702055508e-09,1.6263654622240094e-09,-0.00025502016876983053,1.695048514020907e-05,-0.00024101424403089717,0.0003512982653695662,0.010474648395833695,4.886271223382292e-07
L_smooth,480,-0.005200030990700063,-0.0007349649301703473,0.004465066060529716,0.29872315788909676,0.03024731151706718,5.484406330415788e-10,1.1013022576306324e-09,1.6257275468097397e-09,-0.00025447552858337064,9.824057569820164e-07,-0.00023071377686302233,0.0003434932409862787,0.011217953723052879,4.902266487761294e-07
L_smooth,485,-0.007541885981483176,-0.0034642110377861197,0.004077674943697056,0.2750721059534218,0.030083975244719056,5.477518951253515e-10,1.1012785401928481e-09,1.6251192396800325e-09,-0.00025292906019021023,-1.523018635840497e-05,-0.00021941432314047068,0.0003351831040855217,0.011944652693178428,4.91890189927775e-07
L_smooth,490,-0.009801331384041928,-0.006125703142134033,0.003675628241907895,0.2514335219294388,0.029926967232881144,5.470691003057848e-10,1.1012107130479749e-09,1.6245431618953387e-09,-0.0002503031347795419,-3.146201869324924e-05,-0.00020717668421050417,0.00032644095389699324,0.012632463638399757,4.935962417143887e-07
L_smooth,495,-0.011953780807098264,-0.008691952750702715,0.0032618280563955493,0.22780806498818773,0.029769810133485338,5.463952810004951e-10,1.101099142254054e-09,1.6240017109194203e-09,-0.00024653857934861235,-4.745158627790374e-05,-0.00019409826962650892,0.00031734376064376357,0.013254040647325136,4.953237126114388e-07
L_smooth,500,-0.013975837346816481,-0.011136546695641736,0.0028392906511747456,0.20419605056322032,0.029606908184574895,5.457335905526375e-10,1.1009449604919215e-09,1.6234969530377773e-09,-0.00024160159345141963,-6.29031737158967e-05,-0.0001803179827816852,0.0003079654430877813,0.01377780225430135,4.970534589223489e-07
L_smooth,505,-0.01584554537065169,-0.013434410872645488,0.002411134498006201,0.18059748718451818,0.0294338534868743,5.450872222353351e-10,1.1007501521038441e-09,1.6230305045936198e-09,-0.00023549121377757848,-7.749217362145267e-05,-0.00016601971144755454,0.00029836838526919,0.014169888887058535,4.987698354555516e-07
L_smooth,510,-0.017542625425720475,-0.015562058467030642,0.0019805669586898337,0.15701212335051729,0.02924771007733741,5.444593078900546e-10,1.1005176172138117e-09,1.6226034073402403e-09,-0.00022824674207361212,-9.087447180814546e-05,-0.00015143347635397804,0.0002885945991426005,0.014397544263088076,5.004619751120016e-07
L_smooth,515,-0.019048690162035597,-0.017497821283594735,0.001550868878440862,0.13343950304339636,0.029047256009129517,5.438527976275052e-10,1.1002512029402753e-09,1.6222160059648343e-09,-0.0002199542850043386,-0.0001027004344786479,-0.0001368331918386063,0.00027865855293282083,0.014434080327307409,5.021244426672727e-07
L_smooth,520,-0.020347439409509473,-0.019222063192422763,0.0011253762170867106,0.10987902757896961,0.02883316043956877,5.432703247452199e-10,1.09995568895549e-09,1.62186783864397e-09,-0.00021075130747293501,-0.00011263357238379771,-0.00012253003859012617,0.0002685443084229968,0.014265376799004066,5.037569098745271e-07
L_smooth,525,-0.021424832763195123,-0.020717375002905766,0.0007074577602893574,0.08633002060654338,0.02860807099915733,5.427140632827359e-10,1.0996367155426353e-09,1.6215575538288515e-09,-0.00020082794449634024,-0.00012037324902596025,-0.00010886071408300463,0.0002582096772825384,0.013897636789359331,5.053626137992587e-07
L_smooth,530,-0.022269238207808174,-0.021968750214988206,0.0003004879928199672,0.06279179238230492,0.028376587840862957,5.421855890530417e-10,1.0993006454809021e-09,1.621282867632459e-09,-0.00019042384101600613,-0.0001256798815490401,-9.617036892629255e-05,0.0002475992966728483,0.013365849970855603,5.069456110153885e-07
L_smooth,535,-0.02287155545340043,-0.022963741009535334,-9.218555613490359e-05,0.039263699089772786,0.028145106081175368,5.416857579169311e-10,1.0989543569387836e-09,1.6210405754210327e-09,-0.0001798195842138566,-0.00012840007932660285,-8.479086453941616e-05,0.0002366667571655635,0.012741730567303239,5.085072036079053e-07
L_smooth,540,-0.023225312772756274,-0.02369259349595164,-0.0004672807231953652,0.015745193106148747,0.02792151868561578,5.412146166654258e-10,1.098604972961419e-09,1.6208266278326678e-09,-0.00016932241559753196,-0.00012848830221775864,-7.501602052117997e-05,0.00022540347727002683,0.012137671402636897,5.100422995639344e-07
L_smooth,545,-0.023326736250333307,-0.024148360655027602,-0.0008216244046942954,0.007764139219597954,0.027714787049128144,5.407713612664765e-10,1.0982595432356877e-09,1.620636275180398e-09,-0.00015924684027966504,-0.00012602120003978742,-6.70765698717517e-05,0.00021386950512937853,0.011698133000161069,5.115367311862122e-07
L_smooth,550,-0.023174790499841537,-0.024326990693336756,-0.001152200193495219,0.03126455453792021,0.02753440495541709,5.403543537710528e-10,1.097924703899862e-09,1.6204642754530416e-09,-0.00014989185512892267,-0.0001212011198113134,-6.111831863841578e-05,0.00020221950586106477,0.011565227892743704,5.129665295710442e-07
L_smooth,555,-0.02277119010852304,-0.024227387836083514,-0.001456197727560473,0.05475614495129344,0.027389800098430832,5.399612027764932e-10,1.0976063488716981e-09,1.6203051511716086e-09,-0.0001415175429320456,-0.00011434651919281437,-5.718719000059467e-05,0.00019071632365689136,0.01181710981498056,5.142997510081546e-07
L_smooth,560,-0.022120381337549015,-0.023851442153624825,-0.0017310608160758106,0.07823884503789902,0.02728973164640694,5.395889037489172e-10,1.0973093490330375e-09,1.6201534712359673e-09,-0.00013432440129767205,-0.00010586913147487042,-5.522417849675877e-05,0.00017972486659854087,0.012414303226765545,5.155007349385069e-07
L_smooth,565,-0.021229493952062643,-0.02320402505714833,-0.0019745311050856883,0.10171245105990723,0.02724174812770411,5.392340263055189e-10,1.0970373518876346e-09,1.6200041279855416e-09,-0.00012843870089540948,-9.624028998388695e-05,-5.507172022306021e-05,0.0001696808406161701,0.013200816861176256,5.165358782490661e-07
L_smooth,570,-0.020108263457900205,-0.02229294772812375,-0.002184684270223544,0.12517664890655178,0.027251764351231174,5.388929278938381e-10,1.0967926838196296e-09,1.6198525789712279e-09,-0.00012390627329775096,-8.59511642169201e-05,-5.649087332991119e-05,0.0001610328723036293,0.013956786592327892,5.173794634469177e-07
L_smooth,575,-0.018768924458976134,-0.021128880914078517,-0.0023599564551023827,0.14863104682525696,0.02732379903628811,5.385619692354446e-10,1.0965763616395481e-09,1.6196950281561045e-09,-0.00012069555754867092,-7.547304485033841e-05,-5.918654613463182e-05,0.00015416434527578882,0.014463170129347294,5.180180336424815e-07
L_smooth,580,-0.017226076287799607,-0.019725236022756946,-0.002499159734957339,0.1720752090939568,0.02745988953006555,5.382377076448309e-10,1.0963882032335419e-09,1.6195285314940102e-09,-0.00011870889627848936,-6.522372924914058e-05,-6.283645506268639e-05,0.00014931294986593541,0.014555930270617258,5.184522993495111e-07
L_smooth,585,-0.01549652247136081,-0.01809800903888121,-0.002601486567520399,0.19550868739714522,0.027660172306873343,5.379170497367606e-10,1.09622701299053e-09,1.6193510245805736e-09,-0.00011779951093498867,-5.554447419315332e-05,-6.711903271582463e-05,0.00014651579417463608,0.014162340029417632,5.186963723093144e-07
L_smooth,590,-0.013599085953474867,-0.01626559033328641,-0.0026665043798115417,0.2189310476121591,0.02792309458096011,5.37597353548996e-10,1.0960908096207776e-09,1.6191612820780546e-09,-0.00011779076384726255,-4.6689405354642565e-05,-7.173625305499813e-05,0.0001456044457510224,0.013309230903972027,5.187748974554491e-07
L_smooth,595,-0.01155440229175231,-0.014248544811943922,-0.002694142520191612,0.24234189077446588,0.028245708571422955,5.372764793468797e-10,1.0959770633539207e-09,1.6189588270322777e-09,-0.00011849441889270485,-3.8826548099054814e-05,-7.642897916522847e-05,0.00014625257947211377,0.012098523429450728,5.187191021798634e-07
L_smooth,600,-0.009384693282882548,-0.012069367755377295,-0.002684674472494746,0.26574086796995555,0.02862399776031717,5.36952796009249e-10,1.0958829153320791e-09,1.6187438115498699e-09,-0.00011972548828093971,-3.204759224068482e-05,-8.098436866771171e-05,0.0001480530603568953,0.010663572126867029,5.185628054982368e-07
L_smooth,605,-0.007113523651704775,-0.009752221779955387,-0.0026386981282506116,0.2891276896613002,0.029053192298291182,5.36625154440122e-10,1.0958053616045918e-09,1.61851688882185e-09,-0.00012131250318471142,-2.6382591802935723e-05,-8.523648055533215e-05,0.00015059223816864023,0.009129441489759617,5.183391335840259e-07
L_smooth,610,-0.004765543578465348,-0.007322659665539898,-0.0025571160870745497,0.31250213043727637,0.02952804442042585,5.362928406254229e-10,1.0957413943103742e-09,1.618279091722331e-09,-0.0001231032273921401,-2.1816015609761096e-05,-8.906213620764981e-05,0.0001535005121728141,0.007591405655674596,5.180782756527369e-07
L_smooth,615,-0.002366219944813985,-0.004807336828130329,-0.002441116883316344,0.3358640303859173,0.030043049586566995,5.359555194892693e-10,1.0956881009128817e-09,1.6180317272298039e-09,-0.0001249666385992337,-1.8301521859371522e-05,-9.237424646751135e-05,0.00015647558236223655,0.006111550621129319,5.178062636447629e-07
L_smooth,620,5.844074045261382e-05,-0.0022337164496676384,-0.0022921571901202524,0.35921329428290694,0.030592611385016764,5.356131778173238e-10,1.095642727541716e-09,1.6177762904510967e-09,-0.0001267923397116412,-1.5774023154118168e-05,-9.511443360822699e-05,0.0001592855068630938,0.004726553561348877,5.175445562943727e-07
L_smooth,625,0.0024821747168928257,0.00037023012111094076,-0.002111944595781885,0.38254988962651026,0.031171156283982086,5.352660713613232e-10,1.095602714648074e-09,1.6175143980526366e-09,-0.00012848852064848866,-1.4158635826344958e-05,-9.72461569257987e-05,0.00016176087890382282,0.0034619986797643954,5.173101491067325e-07
L_smooth,630,0.004878745594759689,0.0029763251839759336,-0.0019024204107837553,0.4058738443146086,0.031773208106639736,5.34914678580533e-10,1.095565713108778e-09,1.6172477386243933e-09,-0.00012997933882019964,-1.3376777276743137e-05,-9.874894996566556e-05,0.00016378315484130037,0.002359456617768692,5.171159653885105e-07
L_smooth,635,0.0072222281592229385,0.005556486146905828,-0.0016657420123171104,0.4291852445105002,0.03239343272254397,5.345596616179539e-10,1.0955295876222884e-09,1.6169780366136726e-09,-0.00013120228088415762,-1.3349985597099342e-05,-9.961393426320804e-05,0.0001652730967944961,0.0015582286321143316,5.169713541141826e-07
L_smooth,640,0.009487288308733625,0.008083023949560399,-0.0014042643591732264,0.4524842330220169,0.033026662241210786,5.342018340227943e-10,1.0954924125521898e-09,1.6167070264765217e-09,-0.00013210580702383842,-1.4002088612950349e-05,-9.984051628643273e-05,0.00016618102005730375,0.0014285183584247644,5.168825904505044e-07
L_smooth,645,0.011649456127217822,0.010528935677016606,-0.0011205204502012164,0.47577100834121167,0.03366790607405172,5.338421342264241e-10,1.0954524637896552e-09,1.6164364341542291e-09,-0.00013264739742508856,-1.526026528254568e-05,-9.943406357496717e-05,0.00016647925017603145,0.002004746584944061,5.168533277033146e-07
L_smooth,650,0.013685389168909805,0.01286818854480467,-0.0008172006241051362,0.49904582436122036,0.03431235429166685,5.334816036417058e-10,1.0954082089404213e-09,1.6161679635818195e-09,-0.00013279201424930905,-1.705541279808711e-05,-9.840433681638438e-05,0.00016615661184067961,0.0028476731863954705,5.168849830952914e-07
L_smooth,655,0.015573123145840022,0.015075992448424967,-0.0004971306974150547,0.5223089906963545,0.034955377067257536,5.331213683134751e-10,1.095358297225261e-09,1.6159032865067939e-09,-0.0001325109404314094,-1.9322109080869228e-05,-9.676447949069035e-05,0.00016521458084701175,0.003764605345323362,5.1697705828038e-07
L_smooth,660,0.017292307350689352,0.017129058339249124,-0.00016324901144022796,0.5455608734719068,0.035592522745728564,5.327626231891701e-10,1.095301549861977e-09,1.615644034372452e-09,-0.00013178093757547978,-2.199836252976851e-05,-9.453040569504888e-05,0.00016366472149835514,0.004708166884851374,5.171274041452464e-07
L_smooth,665,0.01882442232049462,0.019005839808242234,0.00018141748774761282,0.5688018964131132,0.036219516175435666,5.32406618241074e-10,1.0952369512954303e-09,1.6153917913899683e-09,-0.00013058366320336314,-2.502527102234037e-05,-9.172046474343266e-05,0.00016152709041551585,0.0056688441437565676,5.17332442456199e-07
L_smooth,670,0.02015297744746689,0.020686755422239654,0.0005337779747727651,0.5920325420416654,0.03683225830976088,5.320546458260976e-10,1.0951636413915521e-09,1.6151480882003173e-09,-0.00012890529293890782,-2.834666525040126e-05,-8.835529250849547e-05,0.00015882936029823247,0.006647956925117654,5.175873570102472e-07
L_smooth,675,0.021263686469322255,0.022154389557696996,0.0008907030883747412,0.615253352778653,0.0374268276532475,5.31708028804628e-10,1.0950809085598258e-09,1.614914395731099e-09,-0.00012673630076808935,-3.1908781100347576e-05,-8.445778339692206e-05,0.00015560648257707937,0.007650288586752667,5.178862656939763e-07
L_smooth,680,0.022144619019940633,0.02339366970765485,0.001249050687714217,0.6384649317520563,0.037999483830987404,5.313681090549366e-10,1.094988183680621e-09,1.6146921190030766e-09,-0.0001240713579585798,-3.56599865314855e-05,-8.005313435924504e-05,0.00015190075979352807,0.008681598385999724,5.1822238304661e-07
L_smooth,685,0.022786326688399187,0.024392018493434996,0.0016056918050358082,0.6616679431131756,0.03854667335577847,5.310362361159048e-10,1.0948850346655724e-09,1.614482590751804e-09,-0.00012090931767507905,-3.955057630959006e-05,-7.516892490799357e-05,0.0001477622362408524,0.009747538117308507,5.185881809452931e-07
L_smooth,690,0.02318194231674159,0.025139478888061496,0.0019575365713199074,0.6848631116787356,0.039065037524439024,5.307137557714909e-10,1.094771161456069e-09,1.6142870648122615e-09,-0.00011725325760671794,-4.353264035243085e-05,-6.983520610676754e-05,0.00014324933929137738,0.010852961865966583,5.189755530460138e-07
L_smooth,695,0.023327251560341884,0.025628811448645043,0.0023015598883031584,0.7080512217333395,0.03955142227204807,5.304019984584557e-10,1.0946463912576102e-09,1.6141067092768288e-09,-0.00011311055713749545,-4.7560006614350735e-05,-6.408457796903994e-05,0.00013842971320703396,0.012001249583842154,5.193759866863198e-07
